AÃ±o,Mes,veda_centolla
2019,1,0
2019,2,1
2019,3,1
2019,4,1
2019,5,1
2019,6,1
2019,7,1
2019,8,1
2019,9,1
2019,10,1
2019,11,1
2019,12,0
2020,1,0
2020,2,1
2020,3,1
2020,4,1
2020,5,1
2020,6,1
2020,7,1
2020,8,1
2020,9,1
2020,10,1
2020,11,1
2020,12,0
2021,1,0
2021,2,1
2021,3,1
2021,4,1
2021,5,1
2021,6,1
2021,7,1
2021,8,1
2021,9,1
2021,10,1
2021,11,1
2021,12,0
2022,1,0
2022,2,1
2022,3,1
2022,4,1
2022,5,1
2022,6,1
2022,7,1
2022,8,1
2022,9,1
2022,10,1
2022,11,1
2022,12,0
2023,1,0
2023,2,1
2023,3,1
2023,4,1
2023,5,1
2023,6,1
2023,7,1
2023,8,1
2023,9,1
2023,10,1
2023,11,1
2023,12,0
2024,1,0
2024,2,1
2024,3,1
2024,4,1
2024,5,1
2024,6,1
2024,7,1
2024,8,1
2024,9,1
2024,10,1
2024,11,1
2024,12,0
